test_case,renderer,platform,run,seconds,rss_kib,pss_kib,uss_kib,anonymous_kib,swap_kib,swap_pss_kib,cpu_percent,vm_hwm_kib,peak_rss_kib
m5-idle,skia-software,x11,1,5,38760,29028,25984,6712,0,0,1.60,38760,38760
m5-idle,skia-software,x11,1,10,38760,29042,26016,6712,0,0,0.00,38760,38760
m5-idle,skia-software,x11,1,20,38760,29034,26000,6712,0,0,0.00,38760,38760
m5-idle,skia-software,x11,1,60,38760,29036,26000,6712,0,0,0.00,38760,38760
m5-idle,skia-software,x11,1,120,38760,29029,25988,6712,0,0,0.00,38760,38760
m5-idle,skia-software,x11,1,135,38760,29027,25984,6712,0,0,0.00,38760,38760
m5-idle,skia-software,x11,2,5,37548,27861,24820,6244,0,0,0.40,37548,37548
m5-idle,skia-software,x11,2,10,37548,27881,24864,6244,0,0,0.00,37548,37548
m5-idle,skia-software,x11,2,20,37548,27859,24820,6244,0,0,0.00,37548,37548
m5-idle,skia-software,x11,2,60,37548,27861,24820,6244,0,0,0.00,37548,37548
m5-idle,skia-software,x11,2,120,37548,27868,24836,6244,0,0,0.00,37548,37548
m5-idle,skia-software,x11,2,135,37548,27859,24820,6244,0,0,0.00,37548,37548
m5-idle,skia-software,x11,3,5,38056,28284,25220,6248,0,0,0.80,38056,38056
m5-idle,skia-software,x11,3,10,38056,28279,25220,6248,0,0,0.00,38056,38056
m5-idle,skia-software,x11,3,20,38056,28283,25232,6248,0,0,0.00,38056,38056
m5-idle,skia-software,x11,3,60,38056,28281,25216,6248,0,0,0.00,38056,38056
m5-idle,skia-software,x11,3,120,38056,28281,25216,6248,0,0,0.02,38056,38056
m5-idle,skia-software,x11,3,135,38056,28280,25216,6248,0,0,0.00,38056,38056
m5-account-send,skia-software,x11,1,5,38772,28917,25880,6708,0,0,1.00,38772,38772
m5-account-send,skia-software,x11,1,10,38772,28930,25900,6708,0,0,0.00,38772,38772
m5-account-send,skia-software,x11,1,20,42856,32523,29188,8520,0,0,0.90,42856,42856
m5-account-send,skia-software,x11,1,60,42856,32523,29188,8520,0,0,0.00,42856,42856
m5-account-send,skia-software,x11,1,120,42856,32530,29204,8520,0,0,0.00,42856,42856
m5-account-send,skia-software,x11,1,135,42856,32538,29212,8520,0,0,0.00,42856,42856
