renderer,platform,run,seconds,rss_kib,pss_kib,uss_kib,anonymous_kib,cpu_percent
skia-software,x11,1,3,38496,25287,21372,8176,5.66
skia-software,x11,1,6,45720,32516,28604,15400,33.54
skia-software,x11,1,15,46072,32869,28956,15752,92.67
skia-software,x11,1,30,46096,32891,28980,15776,93.34
skia-software,x11,1,60,46116,32911,29000,15796,93.14
skia-software,x11,1,90,46136,32927,29012,15816,92.84
skia-software,x11,1,120,46136,32927,29012,15816,78.54
skia-software,x11,1,130,46136,32938,29020,15816,0.00
skia-software,x11,1,140,46136,32929,29016,15816,0.00
skia-software,x11,1,150,46136,32929,29016,15816,0.00
skia-software,x11,1,180,46136,32927,29012,15816,0.00
skia-software,x11,1,190,46136,32927,29012,15816,0.00
skia-software,x11,1,200,46136,32933,29020,15816,0.00
skia-software,x11,1,210,46136,32927,29012,15816,0.00
skia-software,x11,1,240,46136,32937,29020,15816,0.00
skia-software,x11,1,270,46136,32927,29012,15816,0.00
skia-software,x11,1,300,46136,32929,29016,15816,0.00
